first_name,last_name,code,salary
Aylmar,Walsham,X222-22:064,7334
Derry,Baford,V222-48:426,8258
Theodore,Paddison,Z222-58:285,4384
Ase,Chetham,C222-45:636,3520
Berry,Dowling,M222-02:745,3492
Josias,Prendiville,E222-06:440,8724
Addie,Mantz,Y222-79:444,8638
Rozele,Kembry,A222-35:160,6268
Casey,Hubbucke,A222-30:059,9251
Jarrad,Mandel,K222-38:523,5413
Caresa,Dobing,L222-05:668,3378
Duffy,Jerdein,M222-22:331,6025
Jacklin,Ohm,V222-59:014,6654
Nell,Upward,X222-01:363,6218
Caria,Franzel,G222-97:895,2259
Gay,Daintree,G222-03:944,6892
Adrienne,Oventon,V222-38:802,6441
Deny,Cadden,A222-78:268,1421
Virginia,Falkner,C222-23:514,6132
Pet,De Freyne,G222-56:257,2959
Carolan,Wortt,T222-80:315,9743
Lenard,Looks,N222-85:261,3762
Brooke,Gildea,A222-41:956,8997
Meyer,Fedorchenko,U222-30:784,6412
Josephina,Wolfarth,W222-80:837,4592
Dinnie,Hedlestone,E222-60:611,8803
Roxine,Weatherburn,V222-96:535,19662
Rick,Andrioletti,N222-98:337,4636
Amery,Chadwen,T222-65:820,7073
Berkie,Berisford,W222-58:280,1784
Sayers,Lawford,D222-67:370,7358
Cate,Durno,R222-06:708,1822
Kareem,Strong,C222-34:386,3694
Fernando,Birmingham,T222-86:819,8773
Benedikt,MacCombe,W222-26:708,3642
Lanni,Gonzales,S222-41:153,5652
Cortie,Oakeshott,Y222-61:986,5116
Aylmar,Senchenko,J222-04:253,4852
Jerry,Agney,Y222-12:481,5268
Durward,Scaplehorn,C222-96:653,2751
Wally,Blanko,Y222-17:735,8150
Erda,Scotchmore,D222-23:110,9023
Burk,Tsar,Q222-85:575,5489
Torey,Ivanichev,U222-50:279,1671
Worthy,Bruntjen,O222-56:222,3425
Britt,Keepence,Z222-52:822,6907
Cole,Thiese,I222-52:150,1761
Baryram,Hext,U222-91:591,8415
Devi,Francie,Y222-47:910,4554
Keefe,Gabbatiss,Y222-84:009,4651
Schuyler,Clear,K222-38:898,2516
Conroy,Glyde,D222-84:786,6069
Karrah,Kaubisch,M222-40:640,2360
Dedra,Scholler,N222-31:561,9988
Matilda,Rodenhurst,E222-04:485,5409
Kylen,De la Yglesia,Q222-19:471,9444
Tiertza,Teasell,Q222-62:099,9844
Melodie,Boriston,X222-88:104,7958
Lethia,Sweetenham,R222-04:683,8568
Noach,Arrighini,Q222-99:403,8874
Lem,MacLennan,K222-14:018,1189
Charmaine,Sugge,U222-19:065,6486
Lynnell,Walters,W222-29:805,4347
Briant,Edden,Q222-59:360,6544
Gayel,Wales,J222-72:024,3561
Arlin,Keeltagh,V222-83:842,2490
Manon,Meaden,H222-77:698,1448
Harp,Pretsell,C222-87:568,4319
Wilow,Lewington,D222-02:730,6292
Virge,Marcoolyn,C222-37:388,5242
Raviv,Parmby,F222-80:111,4150
Lyndsie,Fenton,X222-79:801,8682
Laverne,Vowden,O222-97:377,9634
Hardy,Trahearn,Q222-02:601,4769
Bobby,Gresch,D222-93:867,3682
Ediva,Janout,K222-41:669,7830
Britney,Clibbery,C222-33:881,1888
Marlie,Staynes,M222-39:205,7793
Hatti,Le Friec,T222-83:404,8988
Eddie,Shirtcliffe,W222-54:902,5495
Merilee,Balhatchet,O222-10:016,7978
Jeanie,Gundrey,W222-82:434,5531
Melli,Frushard,Q222-20:851,2724
Julieta,Axton,C222-95:228,4238
Marris,Skehens,F222-86:962,4754
Catlin,Cortez,I222-56:270,7850
Vicky,Brandacci,P222-97:764,7939
Theadora,Haseley,E222-48:987,5147
Cecelia,Sheed,U222-35:386,5287
Barbie,Cleverley,V222-73:684,7027
Pascale,Borg,F222-15:754,9880
Kristos,Renneke,A222-67:532,9320
Hannah,Symms,V222-31:582,1423
Thor,Bugs,P222-82:115,3943
Carlos,Beardshall,R222-35:608,5967
Abdel,Tamblingson,G222-08:443,1829
Carlyn,Hawney,Z222-62:675,7507
Karna,Brende,K222-65:488,2005
Marianna,Wilcinskis,E222-25:830,5731
Philippa,Prator,H222-10:752,6784
